"","X","date","count_no","count_mi","count_cc","copies_NO_N1","copies_NO_N2","copies_MI_N1","copies_MI_N2","copies_CC_N1","copies_CC_N2"
"1",1,2020-06-01,2.5,0,0,NA,NA,NA,NA,NA,NA
"2",2,2020-06-02,2.5,2.5,2.5,NA,NA,NA,NA,NA,NA
"3",3,2020-06-03,2.5,2.5,0,NA,NA,NA,NA,NA,NA
"4",4,2020-06-04,2.5,2.5,0,NA,NA,NA,NA,NA,NA
"5",5,2020-06-05,0,2.5,2.5,NA,NA,NA,NA,NA,NA
"6",6,2020-06-06,2.5,2.5,0,NA,NA,NA,NA,NA,NA
"7",7,2020-06-07,0,0,0,NA,NA,NA,NA,NA,NA
"8",8,2020-06-08,2.5,2.5,0,NA,NA,NA,NA,NA,NA
"9",9,2020-06-09,0,2.5,0,NA,NA,NA,NA,NA,NA
"10",10,2020-06-10,2.5,2.5,0,NA,NA,NA,NA,NA,NA
"11",11,2020-06-11,0,0,0,NA,NA,NA,NA,NA,NA
"12",12,2020-06-12,9,0,0,NA,NA,NA,NA,NA,NA
"13",13,2020-06-13,0,2.5,0,NA,NA,NA,NA,NA,NA
"14",14,2020-06-14,2.5,2.5,0,NA,NA,NA,NA,NA,NA
"15",15,2020-06-15,2.5,2.5,0,NA,NA,NA,NA,NA,NA
"16",16,2020-06-16,2.5,2.5,0,NA,NA,NA,NA,NA,NA
"17",17,2020-06-17,0,0,0,NA,NA,NA,NA,NA,NA
"18",18,2020-06-18,2.5,2.5,2.5,NA,NA,NA,NA,NA,NA
"19",19,2020-06-19,2.5,2.5,2.5,NA,NA,NA,NA,NA,NA
"20",20,2020-06-20,5,2.5,2.5,NA,NA,NA,NA,NA,NA
"21",21,2020-06-21,2.5,0,0,NA,NA,NA,NA,NA,NA
"22",22,2020-06-22,8,2.5,2.5,NA,NA,NA,NA,NA,NA
"23",23,2020-06-23,10,2.5,2.5,NA,NA,NA,NA,NA,NA
"24",24,2020-06-24,15,2.5,2.5,NA,NA,NA,NA,NA,NA
"25",25,2020-06-25,18,2.5,2.5,NA,NA,NA,NA,NA,NA
"26",26,2020-06-26,11,6,0,NA,NA,NA,NA,NA,NA
"27",27,2020-06-27,9,10,2.5,NA,NA,NA,NA,NA,NA
"28",28,2020-06-28,11,5,2.5,NA,NA,NA,NA,NA,NA
"29",29,2020-06-29,17,12,2.5,NA,NA,NA,NA,NA,NA
"30",30,2020-06-30,11,10,7,114197126518905,220817101695007,19241491818117.5,211344592904686,9951377830957.47,71024237086766.4
"31",31,2020-07-01,25,6,2.5,NA,NA,NA,NA,NA,NA
"32",32,2020-07-02,21,2.5,5,NA,NA,NA,NA,NA,NA
"33",33,2020-07-03,11,9,0,NA,NA,NA,NA,NA,NA
"34",34,2020-07-04,14,2.5,2.5,NA,NA,NA,NA,NA,NA
"35",35,2020-07-05,12,8,5,NA,NA,NA,NA,NA,NA
"36",36,2020-07-06,19,2.5,2.5,NA,NA,NA,NA,NA,NA
"37",37,2020-07-07,13,9,2.5,52871527560001.8,280236750251302,26258302254553.9,148584446911579,11413393589632.2,115860977896497
"38",38,2020-07-08,18,10,6,NA,NA,NA,NA,NA,NA
"39",39,2020-07-09,18,10,8,NA,NA,NA,NA,NA,NA
"40",40,2020-07-10,17,11,2.5,NA,NA,NA,NA,NA,NA
"41",41,2020-07-11,6,2.5,2.5,NA,NA,NA,NA,NA,NA
"42",42,2020-07-12,7,8,2.5,NA,NA,NA,NA,NA,NA
"43",43,2020-07-13,16,15,2.5,NA,NA,NA,NA,NA,NA
"44",44,2020-07-14,15,13,2.5,29936770071166.5,385172791584326,17827008138893.1,226312049008162,NA,NA
"45",45,2020-07-15,20,10,2.5,NA,NA,NA,NA,NA,NA
"46",46,2020-07-16,14,12,6,NA,NA,NA,NA,NA,NA
"47",47,2020-07-17,27,23,6,NA,NA,NA,NA,NA,NA
"48",48,2020-07-18,12,7,2.5,NA,NA,NA,NA,NA,NA
"49",49,2020-07-19,10,12,2.5,NA,NA,NA,NA,NA,NA
"50",50,2020-07-20,17,9,2.5,NA,NA,NA,NA,NA,NA
"51",51,2020-07-21,20,2.5,2.5,28694156935889.6,317031207859839,48927763003787,729508416332400,18676085376018,89764227522247.2
"52",52,2020-07-22,9,9,2.5,NA,NA,NA,NA,NA,NA
"53",53,2020-07-23,12,10,2.5,NA,NA,NA,NA,NA,NA
"54",54,2020-07-24,24,11,6,NA,NA,NA,NA,NA,NA
"55",55,2020-07-25,13,9,5,NA,NA,NA,NA,NA,NA
"56",56,2020-07-26,6,5,2.5,NA,NA,NA,NA,NA,NA
"57",57,2020-07-27,16,11,2.5,NA,NA,NA,NA,NA,NA
"58",58,2020-07-28,9,13,2.5,60113832172074.4,442226586491232,18523376481534.3,272374109156786,9249673663097.15,73567700532614.1
"59",59,2020-07-29,14,15,6,NA,NA,NA,NA,NA,NA
"60",60,2020-07-30,19,13,5,NA,NA,NA,NA,NA,NA
"61",61,2020-07-31,24,8,5,NA,NA,NA,NA,NA,NA
"62",62,2020-08-01,7,8,2.5,NA,NA,NA,NA,NA,NA
"63",63,2020-08-02,8,9,2.5,NA,NA,NA,NA,NA,NA
"64",64,2020-08-03,18,8,2.5,NA,NA,NA,NA,NA,NA
"65",65,2020-08-04,11,12,2.5,35409810686842.5,255712073167109,21612194798521.1,154248956617885,9401915251334.05,67102653443938.9
"66",66,2020-08-05,13,23,2.5,NA,NA,NA,NA,NA,NA
"67",67,2020-08-06,24,16,2.5,NA,NA,NA,NA,NA,NA
"68",68,2020-08-07,10,7,5,NA,NA,NA,NA,NA,NA
"69",69,2020-08-08,17,19,2.5,NA,NA,NA,NA,NA,NA
"70",70,2020-08-09,5,11,5,NA,NA,NA,NA,NA,NA
"71",71,2020-08-10,14,20,2.5,NA,NA,NA,NA,NA,NA
"72",72,2020-08-11,12,15,2.5,32182027826504,260566142640422,19536447275499.3,139434085078314,12308891606935.3,61873875253502.1
"73",73,2020-08-12,11,5,2.5,NA,NA,NA,NA,NA,NA
"74",74,2020-08-13,12,6,5,NA,NA,NA,NA,NA,NA
"75",75,2020-08-14,13,12,2.5,NA,NA,NA,NA,NA,NA
"76",76,2020-08-15,2.5,6,0,NA,NA,NA,NA,NA,NA
"77",77,2020-08-16,5,2.5,0,NA,NA,NA,NA,NA,NA
"78",78,2020-08-17,16,6,2.5,NA,NA,NA,NA,NA,NA
"79",79,2020-08-18,17,6,2.5,41727997670069.8,327129692921981,27718215803357.5,210341464026785,19008175259279.9,200896873417121
"80",80,2020-08-19,15,8,2.5,NA,NA,NA,NA,NA,NA
"81",81,2020-08-20,10,10,2.5,NA,NA,NA,NA,NA,NA
"82",82,2020-08-21,24,10,2.5,NA,NA,NA,NA,NA,NA
"83",83,2020-08-22,13,6,2.5,NA,NA,NA,NA,NA,NA
"84",84,2020-08-23,12,10,2.5,NA,NA,NA,NA,NA,NA
"85",85,2020-08-24,16,10,0,NA,NA,NA,NA,NA,NA
"86",86,2020-08-25,36,8,2.5,61900489197970.8,331649298430825,29929534758588.6,178557568332206,13343656340230.6,77154504834903.7
"87",87,2020-08-26,25,15,7,NA,NA,NA,NA,NA,NA
"88",88,2020-08-27,19,12,2.5,NA,NA,NA,NA,NA,NA
"89",89,2020-08-28,29,13,2.5,NA,NA,NA,NA,NA,NA
"90",90,2020-08-29,31,16,5,NA,NA,NA,NA,NA,NA
"91",91,2020-08-30,29,14,2.5,NA,NA,NA,NA,NA,NA
"92",92,2020-08-31,45,22,2.5,NA,NA,NA,NA,NA,NA
"93",93,2020-09-01,98,35,5,124876588175155,807407641797179,31724528248905.5,241757356274041,10439789012845,125292134786956
"94",94,2020-09-02,85,33,2.5,NA,NA,NA,NA,NA,NA
"95",95,2020-09-03,47,25,2.5,NA,NA,NA,NA,NA,NA
"96",96,2020-09-04,109,41,11,NA,NA,NA,NA,NA,NA
"97",97,2020-09-05,66,25,9,NA,NA,NA,NA,NA,NA
"98",98,2020-09-06,51,28,7,NA,NA,NA,NA,NA,NA
"99",99,2020-09-07,31,16,5,NA,NA,NA,NA,NA,NA
"100",100,2020-09-08,105,34,14,129387453946023,937091564526604,36610801114229.9,380978791349960,10755785609687.8,78082320211911.4
"101",101,2020-09-09,37,25,11,NA,NA,NA,NA,NA,NA
"102",102,2020-09-10,50,19,10,NA,NA,NA,NA,NA,NA
"103",103,2020-09-11,38,11,7,NA,NA,NA,NA,NA,NA
"104",104,2020-09-12,62,31,12,NA,NA,NA,NA,NA,NA
"105",105,2020-09-13,31,16,2.5,NA,NA,NA,NA,NA,NA
"106",106,2020-09-14,30,13,5,NA,NA,NA,NA,NA,NA
"107",107,2020-09-15,39,5,2.5,63317105178074.7,363837136319843,27940123669159.5,271922640636562,15510800095142.3,94677257077157.6
"108",108,2020-09-16,44,11,7,NA,NA,NA,NA,NA,NA
"109",109,2020-09-17,28,9,2.5,NA,NA,NA,NA,NA,NA
"110",110,2020-09-18,16,2.5,2.5,NA,NA,NA,NA,NA,NA
"111",111,2020-09-19,17,2.5,2.5,NA,NA,NA,NA,NA,NA
"112",112,2020-09-20,6,2.5,2.5,NA,NA,NA,NA,NA,NA
"113",113,2020-09-21,6,2.5,2.5,NA,NA,NA,NA,NA,NA
"114",114,2020-09-22,11,2.5,2.5,39462767992656.9,295655871707580,35297465280957.1,240313014134588,13863505705637.8,84967645594597.9
"115",115,2020-09-23,17,6,2.5,NA,NA,NA,NA,NA,NA
"116",116,2020-09-24,16,2.5,2.5,NA,NA,NA,NA,NA,NA
"117",117,2020-09-25,8,5,2.5,NA,NA,NA,NA,NA,NA
"118",118,2020-09-26,5,6,2.5,NA,NA,NA,NA,NA,NA
"119",119,2020-09-27,5,2.5,2.5,NA,NA,NA,NA,NA,NA
"120",120,2020-09-28,2.5,9,2.5,NA,NA,NA,NA,NA,NA
"121",121,2020-09-29,20,8,2.5,33883525743444.1,241830991307702,51426283059285.3,186798813383413,10317686217373.1,73638626181984.8
"122",122,2020-09-30,19,10,2.5,NA,NA,NA,NA,NA,NA
"123",123,2020-10-01,12,5,2.5,NA,NA,NA,NA,NA,NA
"124",124,2020-10-02,6,6,2.5,NA,NA,NA,NA,NA,NA
"125",125,2020-10-03,10,14,2.5,NA,NA,NA,NA,NA,NA
"126",126,2020-10-04,2.5,2.5,0,NA,NA,NA,NA,NA,NA
"127",127,2020-10-05,2.5,2.5,2.5,NA,NA,NA,NA,NA,NA
"128",128,2020-10-06,5,11,2.5,32845651981933.2,266242376576602,21329948675706.1,149020178427449,9279812455862.18,99935367137176.2
"129",129,2020-10-07,9,10,2.5,NA,NA,NA,NA,NA,NA
"130",130,2020-10-08,5,8,2.5,NA,NA,NA,NA,NA,NA
"131",131,2020-10-09,19,8,2.5,NA,NA,NA,NA,NA,NA
"132",132,2020-10-10,2.5,2.5,2.5,NA,NA,NA,NA,NA,NA
"133",133,2020-10-11,7,9,2.5,NA,NA,NA,NA,NA,NA
"134",134,2020-10-12,5,2.5,0,NA,NA,NA,NA,NA,NA
"135",135,2020-10-13,10,8,2.5,40596856152926,545382770272700,22711119957768,162092123903541,11905022558507.4,84967645594597.9
"136",136,2020-10-14,14,11,2.5,NA,NA,NA,NA,NA,NA
"137",137,2020-10-15,7,12,6,NA,NA,NA,NA,NA,NA
"138",138,2020-10-16,9,7,2.5,NA,NA,NA,NA,NA,NA
"139",139,2020-10-17,5,7,2.5,NA,NA,NA,NA,NA,NA
"140",140,2020-10-18,5,2.5,0,NA,NA,NA,NA,NA,NA
"141",141,2020-10-19,2.5,2.5,2.5,NA,NA,NA,NA,NA,NA
"142",142,2020-10-20,8,2.5,2.5,40797371758106.1,327644814993175,23688625716465.9,170404690396942,9462966649069.98,67538384959808.6
"143",143,2020-10-21,12,5,2.5,NA,NA,NA,NA,NA,NA
"144",144,2020-10-22,10,2.5,0,NA,NA,NA,NA,NA,NA
"145",145,2020-10-23,5,7,2.5,NA,NA,NA,NA,NA,NA
"146",146,2020-10-24,6,8,2.5,NA,NA,NA,NA,NA,NA
"147",147,2020-10-25,2.5,5,2.5,NA,NA,NA,NA,NA,NA
"148",148,2020-10-26,5,2.5,2.5,NA,NA,NA,NA,NA,NA
"149",149,2020-10-27,9,2.5,2.5,41993624560496.6,336907499520760,25582174622150.9,312553416444459,12152930380089.5,102257560700505
"150",150,2020-10-28,11,8,2.5,NA,NA,NA,NA,NA,NA
"151",151,2020-10-29,9,6,2.5,NA,NA,NA,NA,NA,NA
"152",152,2020-10-30,14,7,6,NA,NA,NA,NA,NA,NA
"153",153,2020-10-31,5,5,2.5,NA,NA,NA,NA,NA,NA
"154",154,2020-11-01,8,2.5,2.5,NA,NA,NA,NA,NA,NA
"155",155,2020-11-02,11,2.5,2.5,31107999587827.8,203486617911165,32880801854849.5,148730251482909,10646851118118.3,67538384959808.6
"156",156,2020-11-03,5,2.5,2.5,NA,NA,NA,NA,NA,NA
"157",157,2020-11-04,7,10,7,NA,NA,NA,NA,NA,NA
"158",158,2020-11-05,8,9,2.5,NA,NA,NA,NA,NA,NA
"159",159,2020-11-06,12,16,2.5,NA,NA,NA,NA,NA,NA
"160",160,2020-11-07,2.5,2.5,2.5,NA,NA,NA,NA,NA,NA
"161",161,2020-11-08,6,8,2.5,NA,NA,NA,NA,NA,NA
"162",162,2020-11-09,7,6,2.5,33466161206120,274972100581081,21367989207577.4,152506030554406,10835951199758.8,69717042539157.2
"163",163,2020-11-10,2.5,8,2.5,NA,NA,NA,NA,NA,NA
"164",164,2020-11-11,9,15,11,33944577141180.1,290181511906770,28989235236063.3,193939834142938,9784337549280.63,69932933943512.4
"165",165,2020-11-12,10,2.5,5,NA,NA,NA,NA,NA,NA
"166",166,2020-11-13,9,6,2.5,NA,NA,NA,NA,NA,NA
"167",167,2020-11-14,7,9,2.5,NA,NA,NA,NA,NA,NA
"168",168,2020-11-15,6,7,5,NA,NA,NA,NA,NA,NA
"169",169,2020-11-16,7,5,2.5,29848422144008,210022590649211,24724132538459,150763104490928,10032042297363.7,70588505570896.7
"170",170,2020-11-17,10,11,0,NA,NA,NA,NA,NA,NA
"171",171,2020-11-18,12,6,2.5,34961714590174.6,223965999157043,20513269639274.3,169217881924547,9890326433221.53,81326829280081
"172",172,2020-11-19,7,11,6,NA,NA,NA,NA,NA,NA
"173",173,2020-11-20,5,5,2.5,NA,NA,NA,NA,NA,NA
"174",174,2020-11-21,11,14,5,NA,NA,NA,NA,NA,NA
"175",175,2020-11-22,2.5,7,2.5,NA,NA,NA,NA,NA,NA
"176",176,2020-11-23,11,8,2.5,33062184439646.1,198060722669092,44763652597600.8,170497031934315,10341673232467.5,83548125986277.4
"177",177,2020-11-24,16,11,2.5,NA,NA,NA,NA,NA,NA
"178",178,2020-11-25,19,14,2.5,33528459508791.5,188236014855725,30930722578986.1,187163778410818,9401915251334.05,90059734714227.8
"179",179,2020-11-26,9,7,0,NA,NA,NA,NA,NA,NA
"180",180,2020-11-27,5,7,2.5,NA,NA,NA,NA,NA,NA
"181",181,2020-11-28,6,14,2.5,NA,NA,NA,NA,NA,NA
"182",182,2020-11-29,5,2.5,2.5,NA,NA,NA,NA,NA,NA
"183",183,2020-11-30,11,16,5,60673505385582.7,446530623668492,75069339741291.4,437152367387091,22793657013545.3,136383964467226
"184",184,2020-12-01,14,15,6,NA,NA,NA,NA,NA,NA
"185",185,2020-12-02,27,26,9,36734457387144.5,275758356851821,26793521831396.4,213376667499585,16394488942158.2,89760692269165
"186",186,2020-12-03,33,27,5,NA,NA,NA,NA,NA,NA
"187",187,2020-12-04,28,15,8,NA,NA,NA,NA,NA,NA
"188",188,2020-12-05,9,15,11,NA,NA,NA,NA,NA,NA
"189",189,2020-12-06,5,10,0,NA,NA,NA,NA,NA,NA
"190",190,2020-12-07,18,11,2.5,71917123677469.3,286787391144077,37129541708335.8,301526827837210,12848765513039.5,88635682366039.1
"191",191,2020-12-08,22,12,6,NA,NA,NA,NA,NA,NA
"192",192,2020-12-09,33,18,7,31441469834006.7,266154039002390,40947719385609.2,409785385672795,12321862137585.9,88554671786627.2
"193",193,2020-12-10,15,24,7,NA,NA,NA,NA,NA,NA
"194",194,2020-12-11,19,32,10,NA,NA,NA,NA,NA,NA
"195",195,2020-12-12,14,24,8,NA,NA,NA,NA,NA,NA
"196",196,2020-12-13,8,22,5,NA,NA,NA,NA,NA,NA
"197",197,2020-12-14,16,19,5,51774981407559.3,268461204146743,38626329751120.8,203473110720809,13232098718945.8,102103475318219
"198",198,2020-12-15,23,17,5,NA,NA,NA,NA,NA,NA
"199",199,2020-12-16,15,16,12,45143319048208.8,603875564859332,24886545189756.6,459957222041713,17021566239403.3,312367068172668
"200",200,2020-12-17,22,22,15,NA,NA,NA,NA,NA,NA
"201",201,2020-12-18,20,21,5,NA,NA,NA,NA,NA,NA
"202",202,2020-12-19,11,17,2.5,NA,NA,NA,NA,NA,NA
"203",203,2020-12-20,13,18,8,NA,NA,NA,NA,NA,NA
"204",204,2020-12-21,19,10,14,58803306503591.4,201891211637298,46240045346365.8,175130048314043,133450305199039,213722351735872
"205",205,2020-12-22,13,17,2.5,NA,NA,NA,NA,NA,NA
"206",206,2020-12-23,16,27,9,NA,NA,NA,NA,NA,NA
"207",207,2020-12-24,14,23,8,NA,NA,NA,NA,NA,NA
"208",208,2020-12-25,6,9,7,NA,NA,NA,NA,NA,NA
"209",209,2020-12-26,8,24,2.5,NA,NA,NA,NA,NA,NA
"210",210,2020-12-27,9,12,2.5,NA,NA,NA,NA,NA,NA
"211",211,2020-12-28,2.5,10,2.5,30087958328552.6,319001454700384,102893330734961,340910852325215,35725968402825.8,137089741232339
"212",212,2020-12-29,31,36,11,NA,NA,NA,NA,NA,NA
"213",213,2020-12-30,15,19,6,NA,NA,NA,NA,NA,NA
"214",214,2020-12-31,21,38,15,NA,NA,NA,NA,NA,NA
"215",215,2021-01-01,22,31,18,NA,NA,NA,NA,NA,NA
"216",216,2021-01-02,22,22,16,NA,NA,NA,NA,NA,NA
"217",217,2021-01-03,19,25,10,NA,NA,NA,NA,NA,NA
"218",218,2021-01-04,22,40,10,40653698980284.8,438432670686934,35094281913399.2,287433705375866,15500187864270.9,128848224568342
"219",219,2021-01-05,22,14,9,NA,NA,NA,NA,NA,NA
"220",220,2021-01-06,31,41,14,NA,NA,NA,NA,NA,NA
"221",221,2021-01-07,33,29,16,NA,NA,NA,NA,NA,NA
"222",222,2021-01-08,40,28,20,NA,NA,NA,NA,NA,NA
"223",223,2021-01-09,45,49,12,NA,NA,NA,NA,NA,NA
"224",224,2021-01-10,27,26,8,NA,NA,NA,NA,NA,NA
"225",225,2021-01-11,18,22,7,154942847548424,458758588117278,196864066416670,414865949991795,41000796803389.3,118403995984656
"226",226,2021-01-12,37,22,8,NA,NA,NA,NA,NA,NA
"227",227,2021-01-13,42,32,8,67037416428019.8,503195257355121,50965135378637.4,451313470327202,12940004409416.4,101720915050963
"228",228,2021-01-14,36,28,6,NA,NA,NA,NA,NA,NA
"229",229,2021-01-15,33,32,15,NA,NA,NA,NA,NA,NA
"230",230,2021-01-16,31,21,7,NA,NA,NA,NA,NA,NA
"231",231,2021-01-17,13,16,5,NA,NA,NA,NA,NA,NA
"232",232,2021-01-18,13,15,6,NA,NA,NA,NA,NA,NA
"233",233,2021-01-19,15,15,13,172927780151327,607924717815644,69817581733514.7,242458970441045,15898974478737.7,182723287575581
"234",234,2021-01-20,26,16,6,79993888831898.4,NA,34826569105342.5,NA,61382274164667.7,NA
"235",235,2021-01-21,26,15,7,NA,NA,NA,NA,NA,NA
"236",236,2021-01-22,33,18,8,NA,NA,NA,NA,NA,NA
"237",237,2021-01-23,35,42,14,NA,NA,NA,NA,NA,NA
"238",238,2021-01-24,8,9,9,NA,NA,NA,NA,NA,NA
"239",239,2021-01-25,14,15,2.5,44186166564684.7,401684673702368,52018586927385.1,254565487494705,13991092681155.1,90810741016750.5
"240",240,2021-01-26,38,26,12,NA,NA,NA,NA,NA,NA
"241",241,2021-01-27,36,25,2.5,63217667814612.6,406247187819093,45900967515816.8,406797707588268,27102032304537.9,121560772128634
"242",242,2021-01-28,35,22,5,NA,NA,NA,NA,NA,NA
"243",243,2021-01-29,28,20,7,NA,NA,NA,NA,NA,NA
"244",244,2021-01-30,24,14,9,NA,NA,NA,NA,NA,NA
"245",245,2021-01-31,18,9,2.5,NA,NA,NA,NA,NA,NA
"246",246,2021-02-01,12,12,2.5,52340166632353.7,244881111918790,29919223430839.2,180392847570069,15397646520356.9,125356762018594
"247",247,2021-02-02,15,5,5,NA,NA,NA,NA,NA,NA
"248",248,2021-02-03,18,20,2.5,52217033672173.7,280726721302934,27441735355636.3,163399318451150,26119550990504.1,241492165696007
"249",249,2021-02-04,17,18,2.5,NA,NA,NA,NA,NA,NA
"250",250,2021-02-05,16,9,5,NA,NA,NA,NA,NA,NA
"251",251,2021-02-06,13,13,2.5,NA,NA,NA,NA,NA,NA
"252",252,2021-02-07,9,10,2.5,NA,NA,NA,NA,NA,NA
"253",253,2021-02-08,13,17,2.5,44004647482681,337548586720460,28333668927743.8,193362407925127,13764349099306.6,83224719531119
"254",254,2021-02-09,9,11,2.5,NA,NA,NA,NA,NA,NA
"255",255,2021-02-10,16,10,2.5,33883525743444.1,243733261821167,26229891749983.7,229685557107330,12509089778194.2,120706191292961
"256",256,2021-02-11,10,17,6,NA,NA,NA,NA,NA,NA
"257",257,2021-02-12,8,10,2.5,NA,NA,NA,NA,NA,NA
"258",258,2021-02-13,14,12,2.5,NA,NA,NA,NA,NA,NA
"259",259,2021-02-14,7,5,0,NA,NA,NA,NA,NA,NA
"260",260,2021-02-15,10,18,5,38462380573639.3,274510854997932,26801563606075.6,208639835682036,15548383305413.2,98911054102429.3
"261",261,2021-02-16,5,6,2.5,NA,NA,NA,NA,NA,NA
"262",262,2021-02-17,5,5,2.5,78040405553463.5,508818149508674,35408862978895.9,301318955660100,21918399547071.2,111107234668027
"263",263,2021-02-18,10,7,2.5,NA,NA,NA,NA,NA,NA
"264",264,2021-02-19,7,6,2.5,NA,NA,NA,NA,NA,NA
"265",265,2021-02-20,5,2.5,2.5,NA,NA,NA,NA,NA,NA
"266",266,2021-02-21,2.5,2.5,2.5,NA,NA,NA,NA,NA,NA
"267",267,2021-02-22,7,2.5,0,NA,NA,NA,NA,NA,NA
"268",268,2021-02-23,2.5,6,2.5,NA,NA,NA,NA,NA,NA
"269",269,2021-02-24,7,2.5,5,34371936925331.6,245316843434660,22527965764560.2,162049682183803,17740463710208.9,84096182562858.4
"270",270,2021-02-25,7,8,2.5,NA,NA,NA,NA,NA,NA
"271",271,2021-02-26,7,2.5,2.5,NA,NA,NA,NA,NA,NA
"272",272,2021-02-27,9,7,2.5,NA,NA,NA,NA,NA,NA
"273",273,2021-02-28,2.5,6,2.5,NA,NA,NA,NA,NA,NA
"274",274,2021-03-01,2.5,2.5,0,46135925508487.9,326114554189344,22711119957768,162092123903541,11294508581148,80610330435900.6
"275",275,2021-03-02,11,10,2.5,NA,NA,NA,NA,NA,NA
"276",276,2021-03-03,17,15,5,51356347474351.6,348308279254106,23717729628952.4,236951608834943,11233457183412.1,88171903219751.8
"277",277,2021-03-04,7,9,2.5,NA,NA,NA,NA,NA,NA
"278",278,2021-03-05,5,2.5,2.5,NA,NA,NA,NA,NA,NA
"279",279,2021-03-06,2.5,2.5,0,NA,NA,NA,NA,NA,NA
"280",280,2021-03-07,2.5,2.5,0,NA,NA,NA,NA,NA,NA
"281",281,2021-03-08,9,2.5,2.5,34464263812615.2,269042835273225,21245886412105.5,152827342547326,10622943206052.8,82954669397433.7
"282",282,2021-03-09,6,2.5,0,NA,NA,NA,NA,NA,NA
"283",283,2021-03-10,6,6,0,39683408528358,368111413464941,40401165020420.8,175746174181974,10256634819637.1,73778717091812.6
"284",284,2021-03-11,9,8,2.5,NA,NA,NA,NA,NA,NA
"285",285,2021-03-12,2.5,2.5,2.5,NA,NA,NA,NA,NA,NA
"286",286,2021-03-13,2.5,2.5,0,NA,NA,NA,NA,NA,NA
"287",287,2021-03-14,5,0,2.5,NA,NA,NA,NA,NA,NA
"288",288,2021-03-15,2.5,2.5,2.5,30769904458911.4,219608683998345,21306937809841.5,152070299038537,10134532024165.3,72331431634375.6
"289",289,2021-03-16,2.5,2.5,2.5,NA,NA,NA,NA,NA,NA
"290",290,2021-03-17,11,5,2.5,41453899062700.1,295861699275549,32723549186461.4,233552092506177,15018643843040.1,107189952903954
"291",291,2021-03-18,2.5,2.5,2.5,NA,NA,NA,NA,NA,NA
"292",292,2021-03-19,7,6,2.5,NA,NA,NA,NA,NA,NA
"293",293,2021-03-20,0,2.5,0,NA,NA,NA,NA,NA,NA
"294",294,2021-03-21,2.5,2.5,0,NA,NA,NA,NA,NA,NA
"295",295,2021-03-22,2.5,2.5,2.5,31502521231742.7,224837462188782,23346172506827.8,164915602379579,12210279547187.1,87146303173946.6
"296",296,2021-03-23,2.5,2.5,0,NA,NA,NA,NA,NA,NA
"297",297,2021-03-24,2.5,2.5,2.5,33130510056108.5,NA,22100605980408.6,NA,10989251592468.4,NA
"298",298,2021-03-25,2.5,2.5,2.5,NA,NA,NA,NA,NA,NA
"299",299,2021-03-26,2.5,2.5,2.5,NA,NA,NA,NA,NA,NA
"300",300,2021-03-27,2.5,2.5,2.5,NA,NA,NA,NA,NA,NA
"301",301,2021-03-28,2.5,2.5,2.5,NA,NA,NA,NA,NA,NA
"302",302,2021-03-29,2.5,2.5,2.5,33761422947972.3,240959528275962,24584696247243.1,201719407886528,16254475103610,87994745002352.1
"303",303,2021-03-30,2.5,2.5,0,NA,NA,NA,NA,NA,NA
"304",304,2021-03-31,0,0,2.5,35509509521490.6,264003998387988,24054250707958.5,172352114953724,14151006871143.5,91362099633619.7
"305",305,2021-04-01,6,2.5,0,NA,NA,NA,NA,NA,NA
"306",306,2021-04-02,2.5,2.5,0,NA,NA,NA,NA,NA,NA
"307",307,2021-04-03,2.5,2.5,2.5,NA,NA,NA,NA,NA,NA
"308",308,2021-04-04,2.5,2.5,2.5,NA,NA,NA,NA,NA,NA
"309",309,2021-04-05,2.5,2.5,0,38143085055309,247423590285642,23027499952164.7,152070299038537,12604116253470.9,98297956750898.2
"310",310,2021-04-06,2.5,5,2.5,NA,NA,NA,NA,NA,NA
"311",311,2021-04-07,5,2.5,2.5,32601446390989.5,232680629474437,22964819264368.3,193148404399431,15111559069905.3,126819032785829
"312",312,2021-04-08,2.5,2.5,0,NA,NA,NA,NA,NA,NA
"313",313,2021-04-09,7,2.5,2.5,NA,NA,NA,NA,NA,NA
"314",314,2021-04-10,0,2.5,2.5,NA,NA,NA,NA,NA,NA
"315",315,2021-04-11,2.5,2.5,2.5,NA,NA,NA,NA,NA,NA
"316",316,2021-04-12,2.5,5,0,32967754777405.1,235295018569656,22627303096840.2,160978625134443,11050302990204.3,78867404372421.6
"317",317,2021-04-13,6,2.5,2.5,NA,NA,NA,NA,NA,NA
"318",318,2021-04-14,2.5,10,0,52966699701666.5,248366964045748,28230506811382.1,161238191333527,20357518215246.8,80174598920030.8
"319",319,2021-04-15,6,2.5,2.5,NA,NA,NA,NA,NA,NA
"320",320,2021-04-16,10,2.5,2.5,NA,NA,NA,NA,NA,NA
"321",321,2021-04-17,2.5,2.5,2.5,NA,NA,NA,NA,NA,NA
"322",322,2021-04-18,0,2.5,2.5,NA,NA,NA,NA,NA,NA
"323",323,2021-04-19,0,2.5,0,31850388598269.6,225708925220522,20818526627954,149167693399035,11172405785676.2,79738867404161.1
"324",324,2021-04-20,2.5,2.5,2.5,NA,NA,NA,NA,NA,NA
"325",325,2021-04-21,2.5,2.5,2.5,34188782732123.8,286132905540487,21488181553388,475269478936507,14552574513667.1,104450671909850
"326",326,2021-04-22,5,2.5,0,NA,NA,NA,NA,NA,NA
"327",327,2021-04-23,2.5,2.5,0,NA,NA,NA,NA,NA,NA
"328",328,2021-04-24,2.5,2.5,0,NA,NA,NA,NA,NA,NA
"329",329,2021-04-25,2.5,5,0,NA,NA,NA,NA,NA,NA
"330",330,2021-04-26,2.5,2.5,2.5,37000745944109.1,250981353140966,21123783616633.6,160046926609821,11006215365039.1,77995941340682.2
"331",331,2021-04-27,2.5,2.5,2.5,NA,NA,NA,NA,NA,NA
"332",332,2021-04-28,6,2.5,2.5,36800182276560.2,246170042154964,24433752943402.5,161656392387671,11353963163065.1,80174598920030.8
"333",333,2021-04-29,2.5,5,0,NA,NA,NA,NA,NA,NA
"334",334,2021-04-30,2.5,2.5,0,NA,NA,NA,NA,NA,NA
"335",335,2021-05-01,2.5,5,2.5,NA,NA,NA,NA,NA,NA
"336",336,2021-05-02,0,5,0,NA,NA,NA,NA,NA,NA
"337",337,2021-05-03,2.5,2.5,2.5,38245061212594,271025002870974,28877311129097.4,218691749570642,9646120842277.79,69115822747940.2
"338",338,2021-05-04,2.5,2.5,0,NA,NA,NA,NA,NA,NA
"339",339,2021-05-05,0,2.5,0,49878991950259.2,355992648465572,44628571744968.8,321025251155446,21490092003049.3,153377493586146
"340",340,2021-05-06,0,5,0,NA,NA,NA,NA,NA,NA
"341",341,2021-05-07,2.5,2.5,0,NA,NA,NA,NA,NA,NA
"342",342,2021-05-08,0,2.5,0,NA,NA,NA,NA,NA,NA
"343",343,2021-05-09,2.5,5,2.5,NA,NA,NA,NA,NA,NA
"344",344,2021-05-10,0,2.5,0,33935730652226,265738754069117,24078730102033.4,174237262502643,11355559978884,81046061951770.3
"345",345,2021-05-11,2.5,2.5,2.5,NA,NA,NA,NA,NA,NA
"346",346,2021-05-12,2.5,2.5,2.5,38828688960054.9,290149814128560,26740512208339.7,191599559263277,13614461695113.6,107073803063884
"347",347,2021-05-13,2.5,2.5,0,NA,NA,NA,NA,NA,NA
"348",348,2021-05-14,2.5,2.5,0,NA,NA,NA,NA,NA,NA
"349",349,2021-05-15,2.5,0,2.5,NA,NA,NA,NA,NA,NA
"350",350,2021-05-16,2.5,2.5,0,NA,NA,NA,NA,NA,NA
"351",351,2021-05-17,2.5,0,0,29426773708720.9,210022590649211,21123783616633.6,150763104490928,10775156541612.9,75817283761333.5
"352",352,2021-05-18,2.5,2.5,0,NA,NA,NA,NA,NA,NA
"353",353,2021-05-19,2.5,7,0,29976236288344.3,213944174292039,26596512248994.4,172336927237819,10439789012845,74510089213724.3
"354",354,2021-05-20,0,2.5,0,NA,NA,NA,NA,NA,NA
"355",355,2021-05-21,2.5,2.5,0,NA,NA,NA,NA,NA,NA
"356",356,2021-05-22,0,0,0,NA,NA,NA,NA,NA,NA
"357",357,2021-05-23,2.5,0,0,NA,NA,NA,NA,NA,NA
"358",358,2021-05-24,2.5,2.5,0,30856106296860,204722816747063,19614428499706.6,138998353562445,10806097399260.6,83780969610325.3
"359",359,2021-05-25,7,2.5,0,NA,NA,NA,NA,NA,NA
"360",360,2021-05-26,0,0,0,30586750265703.6,218301489450736,18925933298140,135872886022874,9340863853598.12,66666921928069.1
"361",361,2021-05-27,0,2.5,0,NA,NA,NA,NA,NA,NA
"362",362,2021-05-28,0,0,0,NA,NA,NA,NA,NA,NA
"363",363,2021-05-29,0,2.5,0,NA,NA,NA,NA,NA,NA
"364",364,2021-05-30,0,2.5,0,NA,NA,NA,NA,NA,NA
"365",365,2021-05-31,0,0,0,NA,NA,NA,NA,NA,NA
"366",366,2021-06-01,2.5,0,0,21673246196257.1,154684688133755,19353293082291.5,138126890530705,9279812455862.18,66231190412199.4
"367",367,2021-06-02,2.5,0,0,28449951344945.9,203050886395296,23810045117014.8,169935291189196,9524018046805.92,67974116475678.3
"368",368,2021-06-03,2.5,2.5,2.5,NA,NA,NA,NA,NA,NA
"369",369,2021-06-04,0,0,0,NA,NA,NA,NA,NA,NA
"370",370,2021-06-05,0,2.5,0,NA,NA,NA,NA,NA,NA
"371",371,2021-06-06,2.5,0,0,NA,NA,NA,NA,NA,NA
"372",372,2021-06-07,2.5,2.5,0,29426773708720.9,210022590649211,20126010781748.1,141612742657663,9585069444541.86,68409847991548
"373",373,2021-06-08,2.5,2.5,0,NA,NA,NA,NA,NA,NA
"374",374,2021-06-09,2.5,0,2.5,32157824781650.6,282490655930469,20513269639274.3,146405789332230,9707172240013.73,69281311023287.5
"375",375,2021-06-10,0,2.5,0,NA,NA,NA,NA,NA,NA
"376",376,2021-06-11,2.5,2.5,0,NA,NA,NA,NA,NA,NA
"377",377,2021-06-12,0,0,0,NA,NA,NA,NA,NA,NA
"378",378,2021-06-13,2.5,2.5,0,NA,NA,NA,NA,NA,NA
"379",379,2021-06-14,0,0,0,28999413924569.3,207784910159947,19231190286819.6,137255427498966,11296391330636,67102653443938.9
"380",380,2021-06-15,0,0,0,NA,NA,NA,NA,NA,NA
"381",381,2021-06-16,0,2.5,2.5,29976236288344.3,213944174292039,18254367923044.7,130283723245050,10288089657829.4,70428148496318.8
"382",382,2021-06-17,0,2.5,2.5,NA,NA,NA,NA,NA,NA
"383",383,2021-06-18,2.5,2.5,0,NA,NA,NA,NA,NA,NA
"384",384,2021-06-19,2.5,0,0,NA,NA,NA,NA,NA,NA
"385",385,2021-06-20,0,2.5,0,NA,NA,NA,NA,NA,NA
"386",386,2021-06-21,0,2.5,2.5,31319367038534.9,223530267641173,24600186771426.6,275054563091373,10586978405291.2,69281311023287.5
"387",387,2021-06-22,0,2.5,0,NA,NA,NA,NA,NA,NA
"388",388,2021-06-23,0,2.5,0,31990932413630.1,228323314315740,25765603242590.7,141177011141793,9161598264753.22,64923995864590.2
"389",389,2021-06-24,0,0,0,NA,NA,NA,NA,NA,NA
"390",390,2021-06-25,0,2.5,0,NA,NA,NA,NA,NA,NA
"391",391,2021-06-26,0,2.5,0,NA,NA,NA,NA,NA,NA
"392",392,2021-06-27,0,0,0,NA,NA,NA,NA,NA,NA
"393",393,2021-06-28,0,0,0,29548876504192.7,210894053680951,19048036093611.8,135948232951357,9524018046805.92,67974116475678.3
"394",394,2021-06-29,0,0,0,NA,NA,NA,NA,NA,NA
"395",395,2021-06-30,2.5,2.5,0,32113035209102,230094447882383,18498573513988.4,132026649308529,10134532024165.3,72331431634375.6
